word index,english,hiragana,kanji,date_added,rank,sample,is_active,grade,streak,level,total_attempts,total_successes,total_fails,age,success_ratio
0,house,いえ,家,09/05/2020,1,1,0,N5,10,expert,19.0,19.0,0.0,234,1.0
1,(someone's) house,おたく,お宅,09/05/2020,1,1,0,N4,10,expert,12.0,12.0,0.0,234,1.0
2,nervous,ふあん,不安,09/05/2020,2,1,0,N3,10,expert,17.0,17.0,0.0,234,1.0
3,class,じゅぎょう,授業,09/05/2020,3,1,1,N5,8,expert,49.0,40.0,9.0,234,0.8163265306122449
4,to lend,かす,貸す,09/05/2020,2,1,0,N5,10,expert,42.0,35.0,7.0,234,0.8333333333333334
5,karate,からて,空手,09/05/2020,2,1,0,,10,expert,26.0,26.0,0.0,234,1.0
6,kimono,きもの,着物,09/05/2020,2,1,0,N4,10,expert,27.0,25.0,2.0,234,0.9259259259259259
7,strict,きびしい,厳しい,09/05/2020,2,1,1,N4,6,advanced,47.0,35.0,12.0,234,0.7446808510638298
8,Korea,かんこく,韓国,09/05/2020,2,1,1,,7,advanced,33.0,27.0,6.0,234,0.8181818181818182
9,decision,けってい,決定,09/05/2020,2,1,0,N3,10,expert,34.0,31.0,3.0,234,0.9117647058823529
10,(black) tea,こうちゃ,紅茶,09/05/2020,2,1,0,N5,10,expert,26.0,24.0,2.0,234,0.9230769230769231
11,in the end,けっきょく,結局,09/05/2020,2,1,0,N3,10,expert,17.0,17.0,0.0,234,1.0
12,as a matter of fact,じつは,実は,09/05/2020,1,1,0,N3,10,expert,29.0,25.0,4.0,234,0.8620689655172413
13,to be moved by,かんどうする,感動する,09/05/2020,4,1,0,N3,10,expert,21.0,20.0,1.0,234,0.9523809523809523
14,all,ぜんぶ,全部,09/05/2020,2,1,1,N5,7,advanced,33.0,26.0,7.0,234,0.7878787878787878
15,older brother,あに,兄,09/05/2020,1,1,0,N5,10,expert,17.0,17.0,0.0,234,1.0
16,landlord,おおやさん,大家さん,09/05/2020,1,1,0,,10,expert,15.0,15.0,0.0,234,1.0
17,return,おかえし,お返し,09/05/2020,1,1,0,,10,expert,34.0,28.0,6.0,234,0.8235294117647058
18,promise,やくそく,約束,09/05/2020,1,1,0,N4,10,expert,16.0,16.0,0.0,234,1.0
19,to keep (a promise),まもる,守る,09/05/2020,2,1,0,N3,10,expert,24.0,23.0,1.0,234,0.9583333333333334
20,scared,こわい,怖い,09/05/2020,1,1,0,N4,10,expert,26.0,23.0,3.0,234,0.8846153846153846
21,red,あか,赤,09/05/2020,1,1,0,N5,10,expert,15.0,15.0,0.0,234,1.0
22,blue,あお,青,09/05/2020,1,1,0,N5,10,expert,23.0,22.0,1.0,234,0.9565217391304348
23,grammar,ぶんぽう,文法,09/05/2020,1,1,1,N4,9,expert,20.0,17.0,3.0,234,0.85
24,spicy,からい,辛い,09/05/2020,1,1,1,N5,9,expert,25.0,23.0,2.0,234,0.92
25,elephant,ぞう,象,09/05/2020,1,1,0,N3,10,expert,21.0,21.0,0.0,234,1.0
26,sad,かなしい,悲しい,09/05/2020,1,1,0,N4,10,expert,24.0,21.0,3.0,234,0.875
27,lawyer ,べんごし,弁護士,09/05/2020,3,1,0,,10,expert,34.0,30.0,4.0,234,0.8823529411764706
28,shop,みせ,店,09/05/2020,1,1,0,N5,10,expert,15.0,15.0,0.0,234,1.0
29,wife,おくさん,奥さん,09/05/2020,1,1,1,N5,7,advanced,21.0,17.0,4.0,234,0.8095238095238095
30,plate,さら,皿,09/05/2020,1,1,0,N3,10,expert,20.0,19.0,1.0,234,0.95
31,married couple,ふうふ,夫婦,09/05/2020,3,1,1,N3,5,advanced,56.0,39.0,17.0,234,0.6964285714285714
32,comic book,まんが,漫画,09/05/2020,2,1,1,N4,9,expert,47.0,41.0,6.0,234,0.8723404255319149
33,ring,ゆびわ,指輪,09/05/2020,4,1,1,N4,6,advanced,54.0,39.0,15.0,234,0.7222222222222222
34,sky,そら,空,09/05/2020,1,1,0,N5,10,expert,19.0,18.0,1.0,234,0.9473684210526315
35,garden,にわ,庭,09/05/2020,1,1,0,N5,10,expert,29.0,27.0,2.0,234,0.9310344827586207
36,musical instrument,がっき,楽器,09/05/2020,3,1,0,N2,10,expert,25.0,25.0,0.0,234,1.0
37,milky way,あまのがわ,天の川,09/05/2020,1,1,0,,10,expert,16.0,16.0,0.0,234,1.0
38,parents,りょうしん,両親,09/05/2020,2,1,0,N5,10,expert,21.0,20.0,1.0,234,0.9523809523809523
39,to brush teeth,みがく,磨く,09/05/2020,3,1,0,N5,10,expert,26.0,26.0,0.0,234,1.0
40,battery,でんち,電池,09/05/2020,2,1,0,N2,10,expert,26.0,24.0,2.0,234,0.9230769230769231
41,spring,はる,春,09/05/2020,1,1,0,N5,10,expert,28.0,25.0,3.0,234,0.8928571428571429
42,summer,なつ,夏,09/05/2020,1,1,1,N5,8,expert,37.0,32.0,5.0,234,0.8648648648648649
43,winter,ふゆ,冬,09/05/2020,1,1,0,N5,10,expert,18.0,18.0,0.0,234,1.0
44,autumn,あき,秋,09/05/2020,1,1,0,N5,10,expert,23.0,22.0,1.0,234,0.9565217391304348
45,east,ひがし,東,09/05/2020,1,1,1,N5,9,expert,30.0,25.0,5.0,234,0.8333333333333334
46,north,きた,北,09/05/2020,1,1,0,N5,10,expert,23.0,20.0,3.0,234,0.8695652173913043
47,west ,にし,西,09/05/2020,1,1,0,N5,10,expert,20.0,19.0,1.0,234,0.95
48,south,みなみ,南,09/05/2020,1,1,0,N5,10,expert,18.0,17.0,1.0,234,0.9444444444444444
49,train,でんしゃ,電車,09/05/2020,1,1,0,N5,10,expert,16.0,16.0,0.0,234,1.0
50,green,みどり,緑,09/05/2020,2,1,0,N5,10,expert,32.0,29.0,3.0,234,0.90625
51,black,くろ,黒,09/05/2020,1,1,0,N5,10,expert,17.0,16.0,1.0,234,0.9411764705882353
52,white,しろ,白,09/05/2020,1,1,0,N5,10,expert,14.0,14.0,0.0,234,1.0
53,appointment/reservation,よやく,予約,09/05/2020,2,1,0,N4,10,expert,27.0,22.0,5.0,234,0.8148148148148148
54,same,おなじ,同じ,10/05/2020,1,1,0,N5,10,expert,11.0,11.0,0.0,233,1.0
55,to look good (on someone),にあう,似合う,10/05/2020,1,1,0,N3,10,expert,31.0,25.0,6.0,233,0.8064516129032258
56,husband,ごしゅじん,ご主人,10/05/2020,1,1,1,N4,9,expert,21.0,19.0,2.0,233,0.9047619047619048
57,to want,ほしい,欲しい,10/05/2020,1,1,0,N5,10,expert,28.0,27.0,1.0,233,0.9642857142857143
58,to send,おくる,送る,10/05/2020,1,1,1,N4,5,advanced,22.0,15.0,7.0,233,0.6818181818181818
59,resume,りれきしょ,履歴書,10/05/2020,5,1,1,,5,advanced,45.0,33.0,12.0,233,0.7333333333333333
60,to consult,そうだん,相談,11/05/2020,4,1,1,N3,7,advanced,44.0,36.0,8.0,232,0.8181818181818182
61,painting,え,絵,11/05/2020,1,1,1,N5,8,expert,18.0,14.0,4.0,232,0.7777777777777778
62,movie theatre,えいがかん,映画館,11/05/2020,2,1,1,N5,8,expert,21.0,18.0,3.0,232,0.8571428571428571
63,foreigner,がいこくじん,外国人,11/05/2020,1,1,0,N5,10,expert,17.0,17.0,0.0,232,1.0
64,furniture,かぐ,家具,11/05/2020,2,1,1,N3,7,advanced,33.0,26.0,7.0,232,0.7878787878787878
65,experience,けいけん,経験,12/05/2020,3,1,1,N3,9,expert,42.0,35.0,7.0,231,0.8333333333333334
66,spacious,ひろい,広い,12/05/2020,1,1,0,N5,10,expert,18.0,17.0,1.0,231,0.9444444444444444
67,to withdraw (money),おろす,下ろす,21/05/2020,2,1,0,N3,10,expert,27.0,26.0,1.0,222,0.9629629629629629
68,wedding,けっこんしき,結婚式,13/05/2020,5,1,1,,5,advanced,30.0,20.0,10.0,230,0.6666666666666666
69,earthquake,じしん,地震,13/05/2020,4,1,1,N4,7,advanced,31.0,25.0,6.0,230,0.8064516129032258
70,deadline,しめきり,締め切り,13/05/2020,5,1,0,N2,10,expert,36.0,32.0,4.0,230,0.8888888888888888
71,custom,しゅうかん,習慣,13/05/2020,3,1,1,N4,8,expert,37.0,29.0,8.0,230,0.7837837837837838
72,tax,ぜいきん,税金,15/05/2020,3,1,1,N3,9,expert,33.0,26.0,7.0,228,0.7878787878787878
73,graduation ceremony,そつぎょうしき,卒業式,15/05/2020,5,1,1,,9,expert,34.0,30.0,4.0,228,0.8823529411764706
74,map,ちず,地図,15/05/2020,3,1,1,N5,8,expert,35.0,29.0,6.0,228,0.8285714285714286
75,presentation,はっぴょう,発表,15/05/2020,4,1,1,N3,7,advanced,33.0,25.0,8.0,228,0.7575757575757576
76,broadcast program,ばんぐみ,番組,15/05/2020,4,1,0,N4,10,expert,35.0,28.0,7.0,228,0.8
77,discount coupon,わりびきけん,割引券,16/05/2020,5,1,1,,9,expert,46.0,37.0,9.0,227,0.8043478260869565
78,japanese inn,りょかん,旅館,16/05/2020,3,1,0,N4,10,expert,35.0,31.0,4.0,227,0.8857142857142857
79,insurance,ほけん,保険,16/05/2020,3,1,1,N1,7,advanced,38.0,29.0,9.0,227,0.7631578947368421
80,to sell,うる,売る,16/05/2020,1,1,0,N5,10,expert,23.0,22.0,1.0,227,0.9565217391304348
81,plan; schedule,よてい,予定,16/05/2020,2,1,0,N4,10,expert,27.0,26.0,1.0,227,0.9629629629629629
82,eyes,め,目,17/05/2020,1,1,0,N5,10,expert,21.0,21.0,0.0,226,1.0
83,mouth,くち,口,17/05/2020,1,1,0,N5,10,expert,25.0,25.0,0.0,226,1.0
84,lips,くちびる,唇,17/05/2020,3,1,1,N2,7,advanced,37.0,27.0,10.0,226,0.7297297297297297
85,ear,みみ,耳,17/05/2020,1,1,0,N5,10,expert,20.0,19.0,1.0,226,0.95
86,head,あたま,頭,17/05/2020,2,1,1,N5,8,expert,44.0,35.0,9.0,226,0.7954545454545454
87,tongue,した,舌,17/05/2020,2,1,0,N3,10,expert,34.0,32.0,2.0,226,0.9411764705882353
88,nose,はな,鼻,17/05/2020,3,1,1,N5,7,advanced,30.0,20.0,10.0,226,0.6666666666666666
89,now;this time;next time;another time,こんど,今度,17/05/2020,2,1,0,N4,10,expert,25.0,24.0,1.0,226,0.96
90,to draw;paint,かく,描く,22/05/2020,2,1,0,N3,10,expert,18.0,17.0,1.0,221,0.9444444444444444
91,to look for,さがす,探す,22/05/2020,3,1,0,N4,10,expert,41.0,32.0,9.0,221,0.7804878048780488
92,sunset,ゆうひ,夕日,22/05/2020,1,1,0,N2,10,expert,23.0,21.0,2.0,221,0.9130434782608695
93,to invite,さそう,誘う,22/05/2020,3,1,1,N3,5,advanced,40.0,25.0,15.0,221,0.625
94,to date,つきあう,付き合う,22/05/2020,3,1,0,N2,10,expert,31.0,27.0,4.0,221,0.8709677419354839
95,to arrive,つく,着く,24/05/2020,2,1,0,N5,10,expert,16.0,16.0,0.0,219,1.0
96,to buy insurance,ほけんにはいる,保険に入る,24/05/2020,3,1,1,N1,9,expert,28.0,24.0,4.0,219,0.8571428571428571
97,to look into (a matter),しらべる,調べる,24/05/2020,3,1,1,N4,10,expert,38.0,31.0,7.0,219,0.8157894736842105
98,sightseeing,かんこう,観光,24/05/2020,4,1,1,N3,9,expert,40.0,33.0,7.0,219,0.825
99,all day long,いちにちじゅう,一日中,24/05/2020,1,1,0,,10,expert,13.0,13.0,0.0,219,1.0
100,recently,さいきん,最近,24/05/2020,3,1,1,N4,8,expert,28.0,24.0,4.0,219,0.8571428571428571
101,to knit,あむ,編む,25/05/2020,3,1,1,N2,8,expert,29.0,24.0,5.0,218,0.8275862068965517
102,the weekend,しゅうまつ,週末,25/05/2020,2,1,0,,10,expert,27.0,24.0,3.0,218,0.8888888888888888
103,Saturday,どようび,土曜日,25/05/2020,2,1,0,N5,10,expert,14.0,14.0,0.0,218,1.0
104,Sunday,にちようび,日曜日,25/05/2020,2,1,0,N5,10,expert,15.0,15.0,0.0,218,1.0
105,Monday,げつようび,月曜日,25/05/2020,2,1,0,N5,10,expert,11.0,11.0,0.0,218,1.0
106,Tuesday,かようび,火曜日,25/05/2020,2,1,0,N5,10,expert,19.0,19.0,0.0,218,1.0
107,Wednesday,すいようび,水曜日,25/05/2020,2,1,0,N5,10,expert,19.0,19.0,0.0,218,1.0
108,Thursday,もくようび,木曜日,25/05/2020,2,1,0,N5,10,expert,24.0,21.0,3.0,218,0.875
109,Friday,きんようび,金曜日,25/05/2020,2,1,0,N5,10,expert,14.0,14.0,0.0,218,1.0
110,breakfast,あさごはん,朝ご飯,25/05/2020,2,1,0,N5,10,expert,19.0,18.0,1.0,218,0.9473684210526315
111,dinner,ばんごはん,晩ご飯,25/05/2020,2,1,1,N5,7,advanced,17.0,12.0,5.0,218,0.7058823529411765
112,lunch,ひるごはん,昼ご飯,25/05/2020,2,1,0,N5,10,expert,23.0,19.0,4.0,218,0.8260869565217391
113,to sleep,ねる,寝る,25/05/2020,2,1,0,N5,10,expert,19.0,18.0,1.0,218,0.9473684210526315
114,not at all,ぜんぜん,全然,25/05/2020,3,1,1,N3,8,expert,37.0,29.0,8.0,218,0.7837837837837838
115,usually,たいてい,大抵,25/05/2020,3,1,1,N4,6,advanced,57.0,41.0,16.0,218,0.7192982456140351
116,souvenir,おみやげ,お土産,28/05/2020,3,1,1,N4,6,advanced,36.0,27.0,9.0,215,0.75
117,child,こども,子供,28/05/2020,2,1,0,N5,10,expert,31.0,28.0,3.0,215,0.9032258064516129
118,photograph,しゃしん,写真,28/05/2020,3,1,1,N5,7,advanced,31.0,24.0,7.0,215,0.7741935483870968
119,letter,てがみ,手紙,28/05/2020,2,1,0,N5,10,expert,26.0,24.0,2.0,215,0.9230769230769231
120,desk,つくえ,机,28/05/2020,1,1,1,N5,9,expert,25.0,22.0,3.0,215,0.88
121,cat,ねこ,猫,28/05/2020,1,1,0,N5,10,expert,15.0,15.0,0.0,215,1.0
122,tear,なみだ,涙,29/05/2020,2,1,1,N3,8,expert,29.0,23.0,6.0,214,0.7931034482758621
123,weather forecast,てんきよほう,天気予報,29/05/2020,3,1,0,N4,10,expert,36.0,30.0,6.0,214,0.8333333333333334
124,hat,ぼうし,帽子,29/05/2020,2,1,1,N5,9,expert,38.0,31.0,7.0,214,0.8157894736842105
125,to fall (rain),ふる,降る,29/05/2020,2,1,0,N5,10,expert,18.0,16.0,2.0,214,0.8888888888888888
126,night view,やけい,夜景,31/05/2020,3,1,1,,8,expert,37.0,29.0,8.0,212,0.7837837837837838
127,one more time,もういちど,もう一度,31/05/2020,2,1,0,N5,10,expert,26.0,26.0,0.0,212,1.0
128,station attendant,えきいん,駅員,31/05/2020,4,1,1,,7,advanced,22.0,18.0,4.0,212,0.8181818181818182
129,parent,おや,親,31/05/2020,2,1,0,N4,10,expert,20.0,19.0,1.0,212,0.95
130,research,けんきゅう,研究,31/05/2020,4,1,1,N4,7,advanced,60.0,43.0,17.0,212,0.7166666666666667
131,to read,よむ,読む,31/05/2020,2,1,0,N5,10,expert,15.0,15.0,0.0,212,1.0
132,to take (a photo),とる,撮る,31/05/2020,3,1,1,N5,5,advanced,30.0,23.0,7.0,212,0.7666666666666667
133,park,こうえん,公園,31/05/2020,3,1,0,N5,10,expert,28.0,27.0,1.0,212,0.9642857142857143
134,bus stop,バスてい,バス停,31/05/2020,2,1,1,,9,expert,37.0,29.0,8.0,212,0.7837837837837838
135,hospital,びょういん,病院,31/05/2020,4,1,1,N5,9,expert,41.0,32.0,9.0,212,0.7804878048780488
136,temple,おてら,お寺,31/05/2020,2,1,0,,10,expert,25.0,24.0,1.0,212,0.96
137,book store,ほんや,本屋,01/06/2020,2,1,0,,10,expert,21.0,19.0,2.0,211,0.9047619047619048
138,town,まち,町,01/06/2020,1,1,0,N5,10,expert,20.0,20.0,0.0,211,1.0
139,yesterday,きのう,昨日,01/06/2020,2,1,1,N5,8,expert,31.0,27.0,4.0,211,0.8709677419354839
140,last week,せんしゅう,先週,01/06/2020,3,1,0,N5,10,expert,21.0,18.0,3.0,211,0.8571428571428571
141,inside,なか,中,01/06/2020,1,1,0,N3,10,expert,21.0,21.0,0.0,211,1.0
142,postal stamps,きって,切手,01/06/2020,2,1,1,N5,9,expert,29.0,24.0,5.0,211,0.8275862068965517
143,ticket,きっぷ,切符,01/06/2020,3,1,1,N5,7,advanced,33.0,26.0,7.0,211,0.7878787878787878
144,homework,しゅくだい,宿題,01/06/2020,5,1,1,N5,9,expert,34.0,28.0,6.0,211,0.8235294117647058
145,airplane,ひこうき,飛行機,04/06/2020,5,1,0,N5,10,expert,25.0,21.0,4.0,208,0.84
146,room,へや,部屋,04/06/2020,3,1,0,N5,10,expert,20.0,19.0,1.0,208,0.95
147,postcard,はがき,葉書,04/06/2020,5,1,1,N5,9,expert,30.0,23.0,7.0,208,0.7666666666666667
148,travel,りょこう,旅行,04/06/2020,3,1,1,N5,9,expert,22.0,20.0,2.0,208,0.9090909090909091
149,birthday,たんじょうび,誕生日,04/06/2020,4,1,1,N5,6,advanced,26.0,22.0,4.0,208,0.8461538461538461
150,behind,うしろ,後ろ,04/06/2020,2,1,1,N5,10,expert,21.0,18.0,3.0,208,0.8571428571428571
151,hot (weather),あつい,暑い,04/06/2020,2,1,0,N5,10,expert,19.0,17.0,2.0,208,0.8947368421052632
152,free time,ひま,暇,05/06/2020,2,1,0,N5,10,expert,25.0,22.0,3.0,207,0.88
153,to swim,およぐ,泳ぐ,05/06/2020,2,1,0,N5,10,expert,24.0,23.0,1.0,207,0.9583333333333334
154,to ask,きく,聞く,06/06/2020,1,1,0,N5,10,expert,22.0,22.0,0.0,206,1.0
155,to ride,のる,乗る,06/06/2020,1,1,1,N5,10,expert,20.0,19.0,1.0,206,0.95
156,together,いっしょに,一緒に,06/06/2020,2,1,1,,8,expert,34.0,27.0,7.0,206,0.7941176470588235
157,bath,おふろ,お風呂,06/06/2020,2,1,0,N5,10,expert,26.0,22.0,4.0,206,0.8461538461538461
158,kanji,かんじ,漢字,06/06/2020,3,1,1,N5,7,advanced,31.0,20.0,11.0,206,0.6451612903225806
159,hot (objects),あつい,熱い,06/06/2020,4,1,1,N5,9,expert,39.0,32.0,7.0,206,0.8205128205128205
160,interesting;funny,おもしろい,面白い,06/06/2020,2,1,0,N5,10,expert,20.0,19.0,1.0,206,0.95
161,cold (weather),さむい,寒い,06/06/2020,2,1,0,N5,10,expert,26.0,25.0,1.0,206,0.9615384615384616
162,small,ちいさい,小さい,06/06/2020,1,1,0,N5,10,expert,14.0,14.0,0.0,206,1.0
163,old,ふるい,古い,06/06/2020,1,1,0,N5,10,expert,19.0,18.0,1.0,206,0.9473684210526315
164,difficult,むずかしい,難しい,06/06/2020,3,1,1,N5,5,advanced,38.0,26.0,12.0,206,0.6842105263157895
165,cheap,やすい,安い,06/06/2020,1,1,0,N5,10,expert,19.0,18.0,1.0,206,0.9473684210526315
166,to dislike,きらい,嫌い,06/06/2020,5,1,1,N5,9,expert,39.0,31.0,8.0,206,0.7948717948717948
167,healthy;energetic,げんき,元気,06/06/2020,2,1,1,N5,7,advanced,22.0,19.0,3.0,206,0.8636363636363636
168,quiet,しずか,静か,06/06/2020,4,1,1,N5,7,advanced,48.0,33.0,15.0,206,0.6875
169,textbook,きょうかしょ,教科書,09/06/2020,5,1,1,N3,9,expert,48.0,33.0,15.0,203,0.6875
170,next,つぎ,次,09/06/2020,2,1,0,N5,10,expert,29.0,27.0,2.0,203,0.9310344827586207
171,baggage,にもつ,荷物,09/06/2020,3,1,1,N5,9,expert,38.0,32.0,6.0,203,0.8421052631578947
172,window,まど,窓,09/06/2020,3,1,0,N5,10,expert,27.0,24.0,3.0,203,0.8888888888888888
173,tough (situation),たいへん,大変,09/06/2020,4,1,1,N5,7,advanced,36.0,25.0,11.0,203,0.6944444444444444
174,next time,じかい,次回,09/06/2020,2,1,1,,7,advanced,26.0,22.0,4.0,203,0.8461538461538461
175,to return (things),かえす,返す,12/06/2020,1,1,1,N5,9,expert,21.0,19.0,2.0,200,0.9047619047619048
176,to play,あそぶ,遊ぶ,12/06/2020,3,1,1,N5,8,expert,24.0,19.0,5.0,200,0.7916666666666666
177,to turn off;to erase,けす,消す,12/06/2020,1,1,1,N5,7,advanced,28.0,24.0,4.0,200,0.8571428571428571
178,to die,しぬ,死ぬ,12/06/2020,1,1,0,N5,10,expert,28.0,27.0,1.0,200,0.9642857142857143
179,to hurry,いそぐ,急ぐ,12/06/2020,2,1,1,N4,8,expert,30.0,26.0,4.0,200,0.8666666666666667
180,to sit down,すわる,座る,12/06/2020,2,1,0,N5,10,expert,29.0,23.0,6.0,200,0.7931034482758621
181,to stand,たつ,立つ,12/06/2020,1,1,0,N5,10,expert,13.0,13.0,0.0,200,1.0
182,to smoke,タバコをすう,タバコを吸う,12/06/2020,1,1,1,,8,expert,30.0,25.0,5.0,200,0.8333333333333334
183,to use,つかう,使う,13/06/2020,2,1,0,N5,10,expert,22.0,20.0,2.0,199,0.9090909090909091
184,to help,てつだう,手伝う,13/06/2020,1,1,0,N4,10,expert,28.0,23.0,5.0,199,0.8214285714285714
185,to carry;to hold,もつ,持つ,13/06/2020,1,1,1,N5,9,expert,25.0,23.0,2.0,199,0.92
186,to wait,まつ,待つ,13/06/2020,1,1,0,N5,10,expert,18.0,17.0,1.0,199,0.9444444444444444
187,to open (something),あける,開ける,13/06/2020,2,1,0,N5,10,expert,28.0,27.0,1.0,199,0.9642857142857143
188,to borrow,かりる,借りる,13/06/2020,2,1,1,N5,7,advanced,42.0,32.0,10.0,199,0.7619047619047619
189,to get off,おりる,降りる,13/06/2020,3,1,1,N5,7,advanced,27.0,21.0,6.0,199,0.7777777777777778
190,to close (something),しめる,閉める,13/06/2020,2,1,0,N5,10,expert,23.0,22.0,1.0,199,0.9565217391304348
191,to forget; to leave behind,わすれる,忘れる,13/06/2020,3,1,1,N5,7,advanced,30.0,25.0,5.0,199,0.8333333333333334
192,to teach,おしえる,教える,13/06/2020,4,1,1,N5,5,advanced,25.0,19.0,6.0,199,0.76
193,to bring a person,つれてくる,連れてくる,13/06/2020,2,1,1,,8,expert,23.0,19.0,4.0,199,0.8260869565217391
194,to bring a thing,もってくる,持ってくる,13/06/2020,2,1,0,,10,expert,18.0,18.0,0.0,199,1.0
195,later on ,あとで,後で,13/06/2020,2,1,0,,10,expert,17.0,17.0,0.0,199,1.0
196,(to do something) late,おそく,遅く,13/06/2020,2,1,1,N1,10,expert,37.0,31.0,6.0,199,0.8378378378378378
197,that's fine,けっこう,結構,13/06/2020,4,1,1,N5,7,advanced,49.0,32.0,17.0,199,0.6530612244897959
198,really?,ほんとう,本当,13/06/2020,2,1,0,N5,10,expert,11.0,11.0,0.0,199,1.0
199,older sister,あね,姉,13/06/2020,1,1,1,N5,7,advanced,30.0,24.0,6.0,199,0.8
200,younger sister,いもうと,妹,13/06/2020,1,1,0,N5,10,expert,35.0,31.0,4.0,199,0.8857142857142857
201,song,うた,歌,13/06/2020,2,1,0,N5,10,expert,22.0,22.0,0.0,199,1.0
202,younger brother,おとうと,弟,13/06/2020,2,1,0,N5,10,expert,28.0,27.0,1.0,199,0.9642857142857143
203,company,かいしゃ,会社,13/06/2020,3,1,0,N5,10,expert,33.0,30.0,3.0,199,0.9090909090909091
204,brothers and sisters,きょうだい,兄弟,14/06/2020,2,1,1,N5,9,expert,20.0,18.0,2.0,198,0.9
205,hair,かみ,髪,14/06/2020,4,1,1,N4,9,expert,29.0,26.0,3.0,198,0.896551724137931
206,family,かぞく,家族,14/06/2020,3,1,1,N5,5,advanced,34.0,27.0,7.0,198,0.7941176470588235
207,cafeteria,しょくどう,食堂,14/06/2020,3,1,1,N5,5,advanced,30.0,20.0,10.0,198,0.6666666666666666
208,glasses,めがね,眼鏡,14/06/2020,5,1,0,N5,10,expert,25.0,21.0,4.0,198,0.84
209,tall,せがたかい,背が高い,15/06/2020,2,1,0,,10,expert,15.0,14.0,1.0,197,0.9333333333333333
210,short (height),せがひくい,背が低い,15/06/2020,3,1,1,,9,expert,37.0,29.0,8.0,197,0.7837837837837838
211,long,ながい,長い,15/06/2020,2,1,1,N5,9,expert,21.0,17.0,4.0,197,0.8095238095238095
212,short (length),みじかい,短い,15/06/2020,2,1,1,N5,7,advanced,39.0,26.0,13.0,197,0.6666666666666666
213,fast,はやい,速い,15/06/2020,2,1,1,N5,5,advanced,43.0,31.0,12.0,197,0.7209302325581395
214,kind,しんせつな,親切な,15/06/2020,3,1,1,,7,advanced,29.0,24.0,5.0,197,0.8275862068965517
215,convenient,べんりな,便利な,15/06/2020,3,1,1,N5,7,advanced,50.0,32.0,18.0,197,0.64
216,to know,しる,知る,15/06/2020,2,1,0,N5,10,expert,25.0,23.0,2.0,197,0.92
217,to gain weight,ふとる,太る,16/06/2020,1,1,0,N4,10,expert,25.0,25.0,0.0,196,1.0
218,to put on (glasses),めがねをかける,眼鏡をかける,16/06/2020,5,1,0,,10,expert,16.0,15.0,1.0,196,0.9375
219,to put on (above waist),きる,着る,16/06/2020,2,1,0,N5,10,expert,17.0,17.0,0.0,196,1.0
220,to work for,つとめる,勤める,16/06/2020,3,1,1,N5,4,advanced,40.0,26.0,14.0,196,0.65
221,truth,しんじつ,真実,16/06/2020,3,1,1,N1,9,expert,45.0,39.0,6.0,196,0.8666666666666667
222,air,くうき,空気,17/06/2020,2,1,0,N4,10,expert,12.0,12.0,0.0,195,1.0
223,this morning,けさ,今朝,17/06/2020,2,1,0,N5,10,expert,28.0,26.0,2.0,195,0.9285714285714286
224,job,しごと,仕事,17/06/2020,3,1,0,N5,10,expert,26.0,23.0,3.0,195,0.8846153846153846
225,high school students,こうこうせい,高校生,17/06/2020,4,1,1,N4,9,expert,29.0,22.0,7.0,195,0.7586206896551724
226,good at;skillful,じょうずな,上手な,17/06/2020,2,1,0,N5,10,expert,18.0,18.0,0.0,195,1.0
227,poor at,へたな,下手な,17/06/2020,2,1,0,,10,expert,21.0,21.0,0.0,195,1.0
228,famous,ゆうめい,有名,17/06/2020,3,1,1,N5,7,advanced,28.0,22.0,6.0,195,0.7857142857142857
229,to wash,あらう,洗う,17/06/2020,2,1,1,N5,8,expert,32.0,27.0,5.0,195,0.84375
230,to be late (for),おそくなる,遅くなる,18/06/2020,2,1,0,N1,10,expert,26.0,23.0,3.0,194,0.8846153846153846
231,to cut,きる,切る,18/06/2020,1,1,0,N5,10,expert,19.0,19.0,0.0,194,1.0
232,to make,つくる,作る,18/06/2020,2,1,0,N5,10,expert,21.0,21.0,0.0,194,1.0
233,to take (something),もっていく,持っていく,18/06/2020,2,1,1,,9,expert,31.0,26.0,5.0,194,0.8387096774193549
234,to stare at,じろじろみる,じろじろ見る,18/06/2020,1,1,0,,10,expert,15.0,15.0,0.0,194,1.0
235,to begin,はじめる,始める,18/06/2020,3,1,1,N4,6,advanced,36.0,25.0,11.0,194,0.6944444444444444
236,to drive,うんてんする,運転する,18/06/2020,4,1,0,N3,10,expert,30.0,28.0,2.0,194,0.9333333333333333
237,to do laundry,せんたくする,洗濯する,18/06/2020,5,1,1,N5,8,expert,31.0,26.0,5.0,194,0.8387096774193549
238,to clean,そうじする,掃除する,18/06/2020,4,1,1,N5,5,advanced,62.0,37.0,25.0,194,0.5967741935483871
239,to cook,りょうりする,料理する,18/06/2020,4,1,1,N5,7,advanced,36.0,26.0,10.0,194,0.7222222222222222
240,cheers!,かんぱい,乾杯,19/06/2020,3,1,1,N2,6,advanced,35.0,22.0,13.0,193,0.6285714285714286
241,that's too bad,ざんねん,残念,19/06/2020,4,1,1,N4,5,advanced,49.0,34.0,15.0,193,0.6938775510204082
242,colour,いろ,色,19/06/2020,1,1,0,N5,10,expert,21.0,21.0,0.0,193,1.0
243,onsen,おんせん,温泉,19/06/2020,3,1,1,N2,8,expert,35.0,28.0,7.0,193,0.8
244,medicine,くすり,薬,19/06/2020,2,1,0,N5,10,expert,22.0,22.0,0.0,193,1.0
245,bento box,おべんとう,お弁当,19/06/2020,2,1,0,N5,10,expert,24.0,21.0,3.0,193,0.875
246,essay,さくぶん,作文,19/06/2020,2,1,1,N5,7,advanced,21.0,16.0,5.0,193,0.7619047619047619
247,exam,しけん,試験,19/06/2020,4,1,1,N4,8,expert,26.0,21.0,5.0,193,0.8076923076923077
248,shinkansen,しんかんせん,新幹線,19/06/2020,5,1,1,N2,8,expert,37.0,30.0,7.0,193,0.8108108108108109
249,word,たんご,単語,19/06/2020,3,1,0,N3,10,expert,25.0,22.0,3.0,193,0.88
250,illness,びょうき,病気,19/06/2020,3,1,0,N5,10,expert,22.0,22.0,0.0,193,1.0
251,lonely,さびしい,寂しい,19/06/2020,3,1,1,N4,8,expert,24.0,21.0,3.0,193,0.875
252,young,わかい,若い,19/06/2020,2,1,1,N5,8,expert,26.0,21.0,5.0,193,0.8076923076923077
253,especially,とくに,特に,21/06/2020,2,1,1,N4,9,expert,22.0,20.0,2.0,191,0.9090909090909091
254,a drink (thing),のみもの,飲み物,21/06/2020,2,1,0,N5,10,expert,18.0,17.0,1.0,191,0.9444444444444444
255,body,からだ,体,21/06/2020,1,1,0,N5,10,expert,20.0,20.0,0.0,191,1.0
256,airport,くうこう,空港,21/06/2020,3,1,1,N4,8,expert,31.0,27.0,4.0,191,0.8709677419354839
257,sometimes,ときどき,時々,21/06/2020,3,1,0,N5,10,expert,22.0,22.0,0.0,191,1.0
258,mean-spirited,いじわるな,意地悪,22/06/2020,5,1,0,N2,10,expert,19.0,17.0,2.0,190,0.8947368421052632
259,to dance,おどる,踊る,22/06/2020,3,1,1,N4,8,expert,26.0,21.0,5.0,190,0.8076923076923077
260,to end; to finish; (something ends),おわる,終わる,22/06/2020,3,1,0,N5,10,expert,21.0,20.0,1.0,190,0.9523809523809523
261,(something) starts,はじまる,始まる,22/06/2020,3,1,1,N5,7,advanced,30.0,26.0,4.0,190,0.8666666666666667
262,to play (string instrument or piano),ひく,弾く,22/06/2020,3,1,1,N5,7,advanced,16.0,13.0,3.0,190,0.8125
263,to memorize,おぼえる,覚える,22/06/2020,3,1,0,N5,10,expert,22.0,22.0,0.0,190,1.0
264,to do exercise,うんどうする,運動する,23/06/2020,4,1,0,N3,10,expert,25.0,24.0,1.0,189,0.96
265,to take a walk,さんぽする,散歩する,23/06/2020,5,1,1,N5,5,advanced,36.0,20.0,16.0,189,0.5555555555555556
266,by all means,ぜひ,是非,23/06/2020,3,1,0,N3,10,expert,22.0,21.0,1.0,189,0.9545454545454546
267,yellow,きいろい,黄色い,23/06/2020,3,1,1,N5,7,advanced,35.0,21.0,14.0,189,0.6
268,brown,ちゃいろい,茶色い,23/06/2020,2,1,1,N2,8,expert,26.0,21.0,5.0,189,0.8076923076923077
269,gray,はいいろ,灰色,23/06/2020,1,1,0,N2,10,expert,24.0,21.0,3.0,189,0.875
270,silver (colour),ぎんいろ,銀色,23/06/2020,2,1,0,,10,expert,18.0,16.0,2.0,189,0.8888888888888888
271,purple,むらさき,紫,23/06/2020,5,1,1,N2,9,expert,31.0,25.0,6.0,189,0.8064516129032258
272,light blue,みずいろ,水色,23/06/2020,1,1,0,,10,expert,15.0,14.0,1.0,189,0.9333333333333333
273,gold (colour),きんいろ,金色,23/06/2020,1,1,0,,10,expert,19.0,18.0,1.0,189,0.9473684210526315
274,situation,じょうきょう,状況,23/06/2020,2,1,1,N3,5,advanced,67.0,42.0,25.0,189,0.6268656716417911
275,beautiful sunset,ゆうやけ,夕焼け,25/06/2020,4,1,1,N1,7,advanced,29.0,20.0,9.0,187,0.6896551724137931
276,doctor,いしゃ,医者,26/06/2020,3,1,1,N5,8,expert,30.0,25.0,5.0,186,0.8333333333333334
277,rich person,おかねもち,お金持ち,26/06/2020,2,1,1,,10,expert,26.0,25.0,1.0,186,0.9615384615384616
278,face ,かお,顔,26/06/2020,3,1,1,N1,9,expert,27.0,20.0,7.0,186,0.7407407407407407
279,season,きせつ,季節,26/06/2020,5,1,1,N4,8,expert,40.0,24.0,16.0,186,0.6
280,life;living,せいかつ,生活,26/06/2020,2,1,1,N4,5,advanced,24.0,17.0,7.0,186,0.7083333333333334
281,world,せかい,世界,26/06/2020,3,1,1,N4,9,expert,28.0,22.0,6.0,186,0.7857142857142857
282,super,ちょう,超,27/06/2020,3,1,0,N1,10,expert,24.0,22.0,2.0,185,0.9166666666666666
283,to quit,やめる,辞める,27/06/2020,2,1,1,N3,7,advanced,24.0,17.0,7.0,185,0.7083333333333334
284,to change,かわる,変わる,27/06/2020,2,1,1,N4,8,expert,33.0,26.0,7.0,185,0.7878787878787878
285,to understand,わかる,分かる,27/06/2020,1,1,0,N5,10,expert,19.0,19.0,0.0,185,1.0
286,(the) moment,しゅんかん,瞬間,27/06/2020,3,1,1,N3,8,expert,41.0,28.0,13.0,185,0.6829268292682927
287,overseas,かいがい,海外,27/06/2020,2,1,0,N3,10,expert,20.0,18.0,2.0,185,0.9
288,to aim for,めざす,目指す,27/06/2020,3,1,1,N2,8,expert,33.0,27.0,6.0,185,0.8181818181818182
289,firefighter,しょうぼうし,消防士,27/06/2020,4,1,1,,7,advanced,29.0,22.0,7.0,185,0.7586206896551724
290,to place,おく,置く,27/06/2020,4,1,1,N5,8,expert,27.0,22.0,5.0,185,0.8148148148148148
291,excuse me (for the intrusion),おじゃまします,お邪魔します,27/06/2020,5,1,1,N2,8,expert,25.0,16.0,9.0,185,0.64
292,love,れんあい,恋愛,27/06/2020,5,1,0,N1,10,expert,16.0,16.0,0.0,185,1.0
293,unexpected,いがい,意外,27/06/2020,4,1,1,N3,8,expert,31.0,23.0,8.0,185,0.7419354838709677
294,pardon me (for entering),さきれいします,先礼します,27/06/2020,3,1,0,N5,10,expert,32.0,25.0,7.0,185,0.78125
295,to fail,しっぱいする,失敗する,27/06/2020,3,1,1,N4,7,advanced,57.0,33.0,24.0,185,0.5789473684210527
296,frustrating,くやしい,悔しい,27/06/2020,2,1,1,N2,8,expert,35.0,27.0,8.0,185,0.7714285714285715
297,to start something te form,はじめて,初めて,28/06/2020,1,1,1,N5,8,expert,26.0,23.0,3.0,184,0.8846153846153846
298,fashionable,はやってる,流行ってる,28/06/2020,2,1,1,N2,9,expert,28.0,23.0,5.0,184,0.8214285714285714
299,the first,さいしょ,最初,28/06/2020,3,1,1,N4,8,expert,40.0,29.0,11.0,184,0.725
300,romantic,れんあいてき,恋愛的,28/06/2020,5,1,1,,4,advanced,28.0,20.0,8.0,184,0.7142857142857143
301,to progress,しんてんする,進展する,28/06/2020,5,1,1,N1,6,advanced,53.0,29.0,24.0,184,0.5471698113207547
302,absolutely,ぜったい,絶対,28/06/2020,3,1,1,N3,6,advanced,41.0,23.0,18.0,184,0.5609756097560976
303,usually (2),ふつう,普通,28/06/2020,3,1,1,N4,8,expert,42.0,24.0,18.0,184,0.5714285714285714
304,preparation,じゅんび,準備,28/06/2020,5,1,1,N3,4,advanced,60.0,41.0,19.0,184,0.6833333333333333
305,strategy,さくせん,作戦,28/06/2020,5,1,1,N1,6,advanced,54.0,31.0,23.0,184,0.5740740740740741
306,to receive,うける,受ける,28/06/2020,3,1,1,N4,6,advanced,36.0,28.0,8.0,184,0.7777777777777778
307,subway,ちかてつ,地下鉄,30/06/2020,4,1,1,N5,7,advanced,43.0,22.0,21.0,182,0.5116279069767442
308,to share (information),わけあう,分け合う,01/07/2020,1,1,0,,10,expert,26.0,22.0,4.0,181,0.8461538461538461
309,star,ほし,星,01/07/2020,2,1,0,N4,10,expert,25.0,22.0,3.0,181,0.88
310,shooting star,ながれぼし,流れ星,01/07/2020,3,1,1,,9,expert,22.0,18.0,4.0,181,0.8181818181818182
311,in fact,じっさい,実際,01/07/2020,4,1,1,N3,7,advanced,33.0,22.0,11.0,181,0.6666666666666666
312,regrettable,おしい,惜しい,01/07/2020,3,1,1,N2,6,advanced,41.0,30.0,11.0,181,0.7317073170731707
313,right after,ちょくご,直後,01/07/2020,3,1,1,N2,8,expert,37.0,27.0,10.0,181,0.7297297297297297
314,self employed,じえい,自営,01/07/2020,3,1,1,,7,advanced,35.0,25.0,10.0,181,0.7142857142857143
315,both,りょうほう,両方,01/07/2020,3,1,1,N4,9,expert,26.0,24.0,2.0,181,0.9230769230769231
316,embarrassing,はずかしい,恥ずかしい,09/07/2020,2,1,0,N4,10,expert,31.0,28.0,3.0,173,0.9032258064516129
317,simple,かんたん,簡単,09/07/2020,3,1,1,N4,7,advanced,37.0,29.0,8.0,173,0.7837837837837838
318,to think;to consider,かんがえる,考える,09/07/2020,2,1,1,N4,5,advanced,32.0,24.0,8.0,173,0.75
319,strong,つよい,強い,09/07/2020,2,1,0,N5,10,expert,23.0,22.0,1.0,173,0.9565217391304348
320,confidence,じしん,自信,09/07/2020,2,1,1,N1,6,advanced,21.0,15.0,6.0,173,0.7142857142857143
321,flight,びん,便,11/07/2020,1,1,1,N3,7,advanced,24.0,21.0,3.0,171,0.875
322,baseball,やきゅう,野球,11/07/2020,3,1,1,,8,expert,35.0,20.0,15.0,171,0.5714285714285714
323,boat;ship,ふね,船,11/07/2020,2,1,1,N4,7,advanced,23.0,17.0,6.0,171,0.7391304347826086
324,gloves,てぶくろ,手袋,11/07/2020,4,1,1,N4,8,expert,34.0,26.0,8.0,171,0.7647058823529411
325,barbers,とこや,床屋,11/07/2020,2,1,1,N4,10,expert,28.0,24.0,4.0,171,0.8571428571428571
326,warm,あたたかい,暖かい,13/07/2020,3,1,1,N5,6,advanced,37.0,24.0,13.0,169,0.6486486486486487
327,cool (weather),すずしい,涼しい,13/07/2020,2,1,1,N5,7,advanced,27.0,19.0,8.0,169,0.7037037037037037
328,cold (thing/person),つめたい,冷たい,13/07/2020,2,1,0,N5,10,expert,21.0,16.0,5.0,169,0.7619047619047619
329,sleepy,ねむい,眠い,13/07/2020,2,1,1,N4,6,advanced,46.0,34.0,12.0,169,0.7391304347826086
330,to stay at,とまる,泊まる,13/07/2020,2,1,1,N4,8,expert,24.0,20.0,4.0,169,0.8333333333333334
331,to pay,はらう,払う,13/07/2020,1,1,0,N4,10,expert,28.0,27.0,1.0,169,0.9642857142857143
332,to decide,きめる,決める,13/07/2020,2,1,1,N4,9,expert,25.0,23.0,2.0,169,0.92
333,to get cold;to become cold,ひえる,冷える,15/07/2020,2,1,0,N4,10,expert,24.0,21.0,3.0,167,0.875
334,to practice,れんしゅうする,練習する,15/07/2020,3,1,1,N5,6,advanced,31.0,22.0,9.0,167,0.7096774193548387
335,by foot,あるいて,歩いて,15/07/2020,2,1,0,,10,expert,18.0,18.0,0.0,167,1.0
336,reserved seating,していせき,指定席,15/07/2020,5,1,1,,7,advanced,34.0,24.0,10.0,167,0.7058823529411765
337,round trip,おうふく,往復,15/07/2020,3,1,1,N2,7,advanced,46.0,30.0,16.0,167,0.6521739130434783
338,one way,かたみち,片道,15/07/2020,4,1,1,N2,9,expert,26.0,23.0,3.0,167,0.8846153846153846
339,track number,〜ばんせん,〜番線,17/07/2020,4,1,1,,9,expert,18.0,15.0,3.0,165,0.8333333333333334
340,snacks;sweets,おかし,お菓子,17/07/2020,3,1,1,N5,6,advanced,33.0,22.0,11.0,165,0.6666666666666666
341,boy,おとこのこ,男の子,17/07/2020,2,1,0,N5,10,expert,16.0,16.0,0.0,165,1.0
342,girl,おんあのこ,女の子,17/07/2020,2,1,1,N5,8,expert,16.0,15.0,1.0,165,0.9375
343,new year's,おしょうがつ,お正月,17/07/2020,2,1,1,,9,expert,21.0,18.0,3.0,165,0.8571428571428571
344,singer,かしゅ,歌手,17/07/2020,2,1,0,N3,10,expert,18.0,16.0,2.0,165,0.8888888888888888
345,the future,しょうらい,将来,17/07/2020,5,1,1,N4,5,advanced,56.0,37.0,19.0,165,0.6607142857142857
346,president (of a company),しゃちょう,社長,18/07/2020,2,1,1,N4,7,advanced,29.0,23.0,6.0,164,0.7931034482758621
347,lake,みずうみ,湖,18/07/2020,2,1,1,N4,4,advanced,22.0,16.0,6.0,164,0.7272727272727273
348,dream,ゆめ,夢,18/07/2020,3,1,1,N4,9,expert,19.0,17.0,2.0,164,0.8947368421052632
349,to own (a pet),かう,飼う,18/07/2020,3,1,0,N3,10,expert,20.0,18.0,2.0,164,0.9
350,to take (a class); to get (a grade),とる,取る,18/07/2020,1,1,1,N5,8,expert,30.0,26.0,4.0,164,0.8666666666666667
351,to learn,ならう,習う,20/07/2020,2,1,1,N5,7,advanced,26.0,21.0,5.0,162,0.8076923076923077
352,to work,はたらく,働く,20/07/2020,2,1,0,N5,10,expert,16.0,15.0,1.0,162,0.9375
353,to climb,のぼる,登る,20/07/2020,2,1,1,N5,8,expert,18.0,16.0,2.0,162,0.8888888888888888
354,to get tired,つかれる,疲れる,20/07/2020,2,1,1,N5,7,advanced,29.0,22.0,7.0,162,0.7586206896551724
355,to be late (for an appointment),ちこくする,遅刻する,20/07/2020,4,1,1,N3,7,advanced,33.0,24.0,9.0,162,0.7272727272727273
356,to study abroad,りゅうがくする,留学する,20/07/2020,4,1,1,N3,6,advanced,26.0,19.0,7.0,162,0.7307692307692307
357,coming from (place),しゅうしん,就寝,20/07/2020,5,1,1,,9,expert,40.0,30.0,10.0,162,0.75
358,egg,たまご,卵,22/07/2020,2,1,0,N5,10,expert,24.0,21.0,3.0,160,0.875
359,dazzling,まぶしい,眩しい,22/07/2020,1,1,1,N2,4,advanced,31.0,17.0,14.0,160,0.5483870967741935
360,writer,さっか,作家,22/07/2020,1,1,0,N3,10,expert,21.0,21.0,0.0,160,1.0
361,police officer,けいさつかん,警察官,22/07/2020,5,1,1,,7,advanced,30.0,21.0,9.0,160,0.7
362,actor,はいゆう,俳優,22/07/2020,5,1,1,N3,7,advanced,42.0,27.0,15.0,160,0.6428571428571429
363,nurse,かんごふ,看護婦,22/07/2020,5,1,1,,5,advanced,31.0,22.0,9.0,160,0.7096774193548387
364,vegetables,やさい,野菜,22/07/2020,4,1,1,N5,5,advanced,42.0,22.0,20.0,160,0.5238095238095238
365,housewife,しゅふ,主婦,22/07/2020,4,1,1,N3,8,expert,22.0,16.0,6.0,160,0.7272727272727273
366,meaning,いみ,意味,22/07/2020,3,1,0,N5,10,expert,20.0,18.0,2.0,160,0.9
367,a cold,かぜ,風邪,22/07/2020,3,1,1,N5,8,expert,20.0,17.0,3.0,160,0.85
368,temperature,きおん,気温,22/07/2020,2,1,1,N3,8,expert,20.0,17.0,3.0,160,0.85
369,politics,せいじ,政治,22/07/2020,3,1,1,N4,6,advanced,39.0,25.0,14.0,160,0.6410256410256411
370,leg;foot,あし,足,25/07/2020,1,1,0,N5,10,expert,16.0,16.0,0.0,157,1.0
371,boyfriend,かれ,彼,25/07/2020,1,1,1,N4,9,expert,30.0,25.0,5.0,157,0.8333333333333334
372,girlfriend,かのじょ,彼女,25/07/2020,1,1,1,N4,8,expert,20.0,17.0,3.0,157,0.85
373,cloudy weather,くもり,曇り,25/07/2020,4,1,1,N5,7,advanced,18.0,16.0,2.0,157,0.8888888888888888
374,match;game,しあい,試合,25/07/2020,2,1,1,N4,9,expert,24.0,23.0,1.0,157,0.9583333333333334
375,grade (on a test),せいせき,成績,25/07/2020,5,1,1,N3,5,advanced,53.0,32.0,21.0,157,0.6037735849056604
376,tooth,は,歯,25/07/2020,4,1,1,N5,8,expert,18.0,17.0,1.0,157,0.9444444444444444
377,flower,はな,花,25/07/2020,1,1,0,N5,10,expert,15.0,14.0,1.0,157,0.9333333333333333
378,sunny weather,はれ,晴れ,25/07/2020,2,1,1,N5,8,expert,25.0,23.0,2.0,157,0.92
379,clothes,ふく,服,25/07/2020,2,1,1,N5,7,advanced,25.0,17.0,8.0,157,0.68
380,sweet,あまい,甘い,27/07/2020,1,1,1,N5,10,expert,15.0,14.0,1.0,155,0.9333333333333333
381,business to take care of,ようじ,用事,27/07/2020,2,1,1,N4,8,expert,19.0,14.0,5.0,155,0.7368421052631579
382,hangover,ふつかよい,二日酔い,27/07/2020,2,1,1,,7,advanced,23.0,18.0,5.0,155,0.782608695652174
383,there are many…,おおい,多い,27/07/2020,1,1,0,N5,10,expert,18.0,18.0,0.0,155,1.0
384,hurt;painful,いたい,痛い,27/07/2020,3,1,1,N5,8,expert,23.0,19.0,4.0,155,0.8260869565217391
385,snow,ゆき,雪,27/07/2020,1,1,0,N5,10,expert,22.0,22.0,0.0,155,1.0
386,narrow,せまい,狭い,03/08/2020,1,1,1,N5,8,expert,22.0,17.0,5.0,148,0.7727272727272727
387,inconvenient,つごうがわるい,都合が悪い,03/08/2020,2,1,1,,6,advanced,29.0,18.0,11.0,148,0.6206896551724138
388,fantastic,すてきな,素敵な,03/08/2020,5,1,1,,8,expert,32.0,24.0,8.0,148,0.75
389,interests,きょうみ,興味,03/08/2020,5,1,0,N4,10,expert,18.0,17.0,1.0,148,0.9444444444444444
390,to have a fever,ねつがある,熱がある,03/08/2020,3,1,1,N4,10,expert,21.0,19.0,2.0,148,0.9047619047619048
391,to become thirsty,のどがかわく,のどが渇く,03/08/2020,2,1,1,,5,advanced,29.0,20.0,9.0,148,0.6896551724137931
392,to cough,せきがでる,せきが出る,03/08/2020,1,1,1,N4,8,expert,21.0,20.0,1.0,148,0.9523809523809523
393,to break up,わかれる,別れる,03/08/2020,2,1,1,N4,8,expert,31.0,25.0,6.0,148,0.8064516129032258
394,to get nervous,きんちょうする,緊張する,03/08/2020,5,1,1,N3,6,advanced,26.0,18.0,8.0,148,0.6923076923076923
395,to worry,しんぱいする,心配する,03/08/2020,4,1,1,N3,5,advanced,29.0,17.0,12.0,148,0.5862068965517241
396,get well soon,おだいじに,お大事に,04/08/2020,2,2,0,N2,10,expert,19.0,19.0,0.0,147,1.0
397,maybe,たぶん,多分,04/08/2020,1,2,1,N5,8,expert,20.0,17.0,3.0,147,0.85
398,degrees,〜ど,〜度,04/08/2020,1,2,1,N3,7,advanced,23.0,18.0,5.0,147,0.782608695652174
399,woman,じょせい,女性,04/08/2020,1,3,1,N4,8,expert,14.0,13.0,1.0,147,0.9285714285714286
400,man,男性,男性,04/08/2020,1,3,1,N4,9,expert,15.0,12.0,3.0,147,0.8
401,bank,ぎんこう,銀行,04/08/2020,2,3,1,N5,8,expert,22.0,19.0,3.0,147,0.8636363636363636
402,heaven,てんごく,天国,05/08/2020,1,2,1,N1,10,expert,18.0,17.0,1.0,146,0.9444444444444444
403,shrine,じんじゃ,神社,05/08/2020,3,2,1,N4,7,advanced,19.0,15.0,4.0,146,0.7894736842105263
404,to return (e.g. home),かえる,帰る,05/08/2020,2,2,1,N5,10,expert,13.0,13.0,0.0,146,1.0
405,going home,きこく,帰国,05/08/2020,2,3,1,,9,expert,17.0,16.0,1.0,146,0.9411764705882353
406,to put something in,いれる,入れる,05/08/2020,1,3,1,N5,8,expert,13.0,12.0,1.0,146,0.9230769230769231
407,fire,かじ,火事,05/08/2020,2,3,1,N4,9,expert,19.0,17.0,2.0,146,0.8947368421052632
408,linguistics,げんごがく,言語学,05/08/2020,3,1,1,,8,expert,20.0,17.0,3.0,146,0.85
409,counter: flat; thin objects,〜まい,〜枚,07/08/2020,1,2,1,N1,8,expert,15.0,14.0,1.0,144,0.9333333333333333
410,counter: vehicles; big equipment,〜だい,〜台,07/08/2020,1,2,1,N3,8,expert,22.0,18.0,4.0,144,0.8181818181818182
411,counter: books,〜さつ,〜冊,07/08/2020,1,2,1,N1,10,expert,14.0,14.0,0.0,144,1.0
412,counter: shoes;socks,〜そく,〜足,07/08/2020,1,3,1,N5,9,expert,23.0,20.0,3.0,144,0.8695652173913043
413,counter: animals (cat;dog;fish),〜ひき,〜匹,07/08/2020,1,3,1,,10,expert,17.0,17.0,0.0,144,1.0
414,counter: long round objects,〜ほん,〜本,07/08/2020,1,3,1,N5,10,expert,18.0,18.0,0.0,144,1.0
415,pardon me (short),しつれい,失礼,07/08/2020,2,1,1,,10,expert,16.0,16.0,0.0,144,1.0
416,mysterious,ふしぎな,不思議な,08/08/2020,5,1,1,,7,advanced,31.0,19.0,12.0,143,0.6129032258064516
417,A.M.,ごぜん,午前,08/08/2020,3,1,1,N5,10,expert,15.0,15.0,0.0,143,1.0
418,P.M.,ごご,午後,08/08/2020,3,1,1,N5,10,expert,18.0,18.0,0.0,143,1.0
419,name,なまえ,名前,08/08/2020,3,1,1,N5,10,expert,18.0,18.0,0.0,143,1.0
420,lastly,さいごに,最後に,08/08/2020,3,1,1,,10,expert,20.0,19.0,1.0,143,0.95
421,blank sheet,はくし,白紙,08/08/2020,3,1,1,,8,expert,21.0,18.0,3.0,143,0.8571428571428571
422,rainy season,うき,雨期,08/08/2020,4,1,1,,8,expert,26.0,18.0,8.0,143,0.6923076923076923
423,to write,かく,書く,09/08/2020,2,1,1,N5,10,expert,14.0,14.0,0.0,142,1.0
424,dictionary,じしょ,辞書,09/08/2020,3,1,1,N5,8,expert,22.0,18.0,4.0,142,0.8181818181818182
425,telephone,でんわ,電話,09/08/2020,3,1,1,N5,10,expert,16.0,16.0,0.0,142,1.0
426,secondhand,ちゅうこ,中古,09/08/2020,1,1,1,N3,7,advanced,26.0,22.0,4.0,142,0.8461538461538461
427,address,じゅうしょ,住所,09/08/2020,3,1,1,N4,5,advanced,47.0,32.0,15.0,142,0.6808510638297872
428,to live (somewhere),すむ,住む,10/08/2020,1,1,1,N5,10,expert,11.0,11.0,0.0,141,1.0
429,way;road,みち,道,10/08/2020,2,1,1,N5,10,expert,12.0,12.0,0.0,141,1.0
430,bicycle,じてんしゃ,自転車,10/08/2020,3,1,1,N5,10,expert,17.0,16.0,1.0,141,0.9411764705882353
431,midnight,よなか,夜中,10/08/2020,2,1,1,N3,10,expert,14.0,14.0,0.0,141,1.0
432,breakfast (2),ちょうしょく,朝食,10/08/2020,3,1,1,,8,expert,32.0,26.0,6.0,141,0.8125
433,counter: small items,〜こ,〜個,11/08/2020,1,1,1,N1,8,expert,23.0,19.0,4.0,140,0.8260869565217391
434,automobile,じどうしゃ,自動車,11/08/2020,3,1,1,N5,10,expert,23.0,22.0,1.0,140,0.9565217391304348
435,belongings,しょじひん,所持品,11/08/2020,4,1,1,,7,advanced,22.0,16.0,6.0,140,0.7272727272727273
436,good will,こうい,好意,11/08/2020,3,1,1,N1,9,expert,17.0,15.0,2.0,140,0.8823529411764706
437,nearby,ちかく,近く,11/08/2020,2,1,1,N5,9,expert,15.0,14.0,1.0,140,0.9333333333333333
438,neighborhood,きんじょ,近所,11/08/2020,3,1,1,N4,9,expert,33.0,25.0,8.0,140,0.7575757575757576
439,circumstance;situation,じょうたい,状態,12/08/2020,4,1,1,N3,8,expert,33.0,22.0,11.0,139,0.6666666666666666
440,cheerful;bright,あかるい,明るい,12/08/2020,1,1,1,N5,10,expert,16.0,16.0,0.0,139,1.0
441,explanation,せつめい,説明,12/08/2020,3,1,1,N4,7,advanced,39.0,25.0,14.0,139,0.6410256410256411
442,to be reflected,うつる,映る,12/08/2020,2,1,1,N2,9,expert,19.0,18.0,1.0,139,0.9473684210526315
443,painter,がか,画家,12/08/2020,2,1,1,N3,7,advanced,20.0,16.0,4.0,139,0.8
444,plan,けいかく,計画,12/08/2020,3,1,1,N3,6,advanced,39.0,27.0,12.0,139,0.6923076923076923
445,expedition,たんけん,探検,01/09/2020,3,1,1,N1,5,advanced,32.0,17.0,15.0,119,0.53125
446,to be vacant;free,あいてる,空いてる,01/09/2020,1,1,1,N3,9,expert,15.0,15.0,0.0,119,1.0
447,first visit,はつもうで,初詣,01/09/2020,3,1,1,,7,advanced,20.0,15.0,5.0,119,0.75
448,to choose;select,えらぶ,選ぶ,01/09/2020,4,1,1,N4,7,advanced,17.0,16.0,1.0,119,0.9411764705882353
449,to get used to,なれる,慣れる,01/09/2020,4,1,1,N4,6,advanced,30.0,22.0,8.0,119,0.7333333333333333
450,to tell,つたえる,伝える,02/09/2020,1,1,1,N4,7,advanced,19.0,15.0,4.0,118,0.7894736842105263
451,weight loss,げんりょう,減量,02/09/2020,5,1,1,,6,advanced,29.0,19.0,10.0,118,0.6551724137931034
452,smell;scent,におい,匂い,02/09/2020,3,1,1,N3,3,advanced,21.0,13.0,8.0,118,0.6190476190476191
453,rare,めずらしい,珍しい,02/09/2020,3,1,1,N4,8,expert,24.0,20.0,4.0,118,0.8333333333333334
454,necessary,ひつよう,必要,02/09/2020,4,1,1,N4,7,advanced,28.0,19.0,9.0,118,0.6785714285714286
455,problem,もんだい,問題,03/09/2020,3,1,1,N5,7,advanced,19.0,15.0,4.0,117,0.7894736842105263
456,personality,せいかく,性格,03/09/2020,4,1,1,N3,5,advanced,31.0,21.0,10.0,117,0.6774193548387096
457,expectation;anticipation,きたい,期待,03/09/2020,4,1,1,N3,5,advanced,31.0,17.0,14.0,117,0.5483870967741935
458,simultaneous,どうじ,同時,03/09/2020,2,1,1,N3,9,expert,18.0,16.0,2.0,117,0.8888888888888888
459,earth,ちきゅう,地球,03/09/2020,5,1,1,N3,6,advanced,20.0,15.0,5.0,117,0.75
460,relief,あんしんする,安心する,13/09/2020,2,1,1,N4,7,advanced,25.0,21.0,4.0,107,0.84
461,narrow space,ねこのひたい,猫の額,13/09/2020,3,1,1,,8,expert,18.0,15.0,3.0,107,0.8333333333333334
462,diligent,きんべんな,勤勉な,13/09/2020,4,1,1,N1,4,advanced,21.0,13.0,8.0,107,0.6190476190476191
463,kitchen,だいどころ,台所,13/09/2020,2,1,1,N5,8,expert,16.0,15.0,1.0,107,0.9375
464,obstinate,ごうじょうな,強情な,13/09/2020,4,1,1,,6,advanced,37.0,27.0,10.0,107,0.7297297297297297
465,to differ;to vary,ちがう,違う,20/09/2020,3,1,1,N5,8,expert,22.0,20.0,2.0,100,0.9090909090909091
466,reason,りゆう,理由,20/09/2020,3,1,1,N4,7,advanced,25.0,20.0,5.0,100,0.8
467,perfect,かんぜん,完全,20/09/2020,2,1,1,N3,6,advanced,21.0,17.0,4.0,100,0.8095238095238095
468,method,ほうほう,方法,20/09/2020,3,1,1,N3,6,advanced,21.0,14.0,7.0,100,0.6666666666666666
469,old times,むかし,昔,20/09/2020,2,1,1,N4,7,advanced,21.0,19.0,2.0,100,0.9047619047619048
470,early morning,そうちょう,早朝,20/09/2020,2,1,1,,7,advanced,17.0,14.0,3.0,100,0.8235294117647058
471,to get up,おきる,起きる,20/09/2020,2,1,1,N5,7,advanced,24.0,22.0,2.0,100,0.9166666666666666
472,to wake someone up,おこす,起こす,20/09/2020,2,1,1,N4,7,advanced,17.0,15.0,2.0,100,0.8823529411764706
473,pronunciation,はつおん,発音,25/09/2020,4,1,1,N4,8,expert,16.0,15.0,1.0,95,0.9375
474,to move;to stir;to shift;to shake;to swing,うごく,動く,25/09/2020,2,1,1,N4,8,expert,17.0,17.0,0.0,95,1.0
475,to make a move;to take action,うごく,動く,25/09/2020,2,1,1,N4,8,expert,18.0,18.0,0.0,95,1.0
476,to operate;to run;to go;to work,うごく,動く,25/09/2020,2,1,1,N4,8,expert,14.0,14.0,0.0,95,1.0
477,to fall asleep,ねこんでる,寝込んでる,25/09/2020,3,1,1,,7,advanced,12.0,10.0,2.0,95,0.8333333333333334
478,to worry(2),なやんでる,悩んでる,25/09/2020,4,1,1,N3,5,advanced,22.0,15.0,7.0,95,0.6818181818181818
479,voice,こえ,声,25/09/2020,2,1,1,N5,8,expert,20.0,19.0,1.0,95,0.95
480,to remain; to be left,のこる,残る,20/10/2020,4,1,1,N4,7,advanced,16.0,14.0,2.0,70,0.875
481,desperate,ひっし,必死,20/10/2020,3,1,1,N3,5,advanced,27.0,18.0,9.0,70,0.6666666666666666
482,to watch out,ちゅういする,注意する,20/10/2020,4,1,1,,6,advanced,23.0,18.0,5.0,70,0.782608695652174
483,opinion,いけん,意見,20/10/2020,3,1,1,N4,7,advanced,11.0,11.0,0.0,70,1.0
484,to prepare,よういする,用意する,20/10/2020,3,1,1,N4,6,advanced,22.0,18.0,4.0,70,0.8181818181818182
485,summit,ちょうじょう,頂上,20/10/2020,4,1,1,N3,5,advanced,22.0,14.0,8.0,70,0.6363636363636364
486,scared of heights,こうしょきょうふしょう,高所恐怖症,20/10/2020,5,1,1,,5,advanced,17.0,11.0,6.0,70,0.6470588235294118
487,scenery,けしき,景色,20/10/2020,2,1,1,N4,6,advanced,22.0,16.0,6.0,70,0.7272727272727273
488,to leave; to preserve,のこす,残す,20/10/2020,4,1,1,N3,7,advanced,14.0,12.0,2.0,70,0.8571428571428571
489,nature,しぜん,自然,20/10/2020,3,1,1,N3,6,advanced,25.0,19.0,6.0,70,0.76
490,seriousness,ほんき,本気,22/10/2020,2,1,1,N1,7,advanced,13.0,12.0,1.0,68,0.9230769230769231
491,to return;to go back,もどる,戻る,22/10/2020,2,1,1,N4,7,advanced,20.0,18.0,2.0,68,0.9
492,to increase,ふえる,増える,15/11/2020,2,1,1,N4,5,advanced,16.0,11.0,5.0,44,0.6875
493,tourist,かんこうきゃく,観光客,15/11/2020,5,1,1,,4,advanced,18.0,13.0,5.0,44,0.7222222222222222
494,sightseeing (2),けんぶつ,見物,15/11/2020,3,1,1,N4,6,advanced,17.0,13.0,4.0,44,0.7647058823529411
495,right turn,うせつ,右折,15/11/2020,3,1,1,,5,advanced,16.0,13.0,3.0,44,0.8125
496,left turn,させつ,左折,15/11/2020,3,1,1,,5,advanced,14.0,11.0,3.0,44,0.7857142857142857
497,ahead,さきに,先に,15/11/2020,2,1,1,N1,7,advanced,9.0,9.0,0.0,44,1.0
498,to be born,うまれる,生まれる,15/11/2020,2,1,1,N5,7,advanced,8.0,8.0,0.0,44,1.0
499,to study,まなぶ,学ぶ,15/11/2020,2,1,1,N3,6,advanced,10.0,8.0,2.0,44,0.8
500,to cry,なく,泣く,15/11/2020,2,1,1,N4,6,advanced,8.0,8.0,0.0,44,1.0
501,one day,いちにち,一日,15/11/2020,1,1,1,N5,7,advanced,9.0,9.0,0.0,44,1.0
502,two days,ふつか,二日,15/11/2020,1,1,1,N5,7,advanced,11.0,10.0,1.0,44,0.9090909090909091
503,three days,みっか,三日,15/11/2020,1,1,1,N5,6,advanced,11.0,11.0,0.0,44,1.0
504,four days,よっか,四日,15/11/2020,1,1,1,N5,7,advanced,9.0,9.0,0.0,44,1.0
505,five days,いつか,五日,15/11/2020,1,1,1,N5,6,advanced,11.0,11.0,0.0,44,1.0
506,six days,むいか,六日,15/11/2020,1,1,1,N5,7,advanced,14.0,13.0,1.0,44,0.9285714285714286
507,seven days,なのか,七日,15/11/2020,1,1,1,N5,7,advanced,12.0,11.0,1.0,44,0.9166666666666666
508,eight days,ようか,八日,15/11/2020,1,1,1,N5,6,advanced,18.0,16.0,2.0,44,0.8888888888888888
509,nine days,ここのか,九日,15/11/2020,1,1,1,N5,7,advanced,11.0,10.0,1.0,44,0.9090909090909091
510,ten days,とおか,十日,15/11/2020,1,1,1,N5,7,advanced,8.0,8.0,0.0,44,1.0
511,dirty,きたない,汚い,16/11/2020,2,1,1,N5,5,advanced,16.0,11.0,5.0,43,0.6875
512,to get depressed,おちこむ,落ち込む,16/11/2020,5,1,1,N1,6,advanced,22.0,13.0,9.0,43,0.5909090909090909
513,to have difficulty,こまる,困る,16/11/2020,1,1,1,N5,6,advanced,20.0,17.0,3.0,43,0.85
514,to correct;to fix,なおす,直す,16/11/2020,2,1,1,N4,5,advanced,23.0,18.0,5.0,43,0.782608695652174
515,to become lost; to lose one's way,みちにまよう,道に迷う,16/11/2020,3,1,1,,6,advanced,17.0,12.0,5.0,43,0.7058823529411765
516,to be found,みつける,見つける,17/11/2020,1,1,1,N4,6,advanced,17.0,15.0,2.0,42,0.8823529411764706
517,to go to pick up,むかえにいく,迎えに行く,17/11/2020,2,1,1,,6,advanced,20.0,17.0,3.0,42,0.85
518,to translate,やくす,訳す,17/11/2020,2,1,1,N2,5,advanced,15.0,11.0,4.0,42,0.7333333333333333
519,to collect,あつめる,集める,17/11/2020,4,1,1,N4,6,advanced,21.0,15.0,6.0,42,0.7142857142857143
520,to laugh,わらう,笑う,17/11/2020,3,1,1,N4,6,advanced,16.0,16.0,0.0,42,1.0
521,to oversleep,あさねぼうする,朝寝坊する,21/11/2020,5,1,1,N1,6,advanced,20.0,16.0,4.0,38,0.8
522,to show someone around,あんないする,案内する,21/11/2020,5,1,1,N3,3,advanced,20.0,13.0,7.0,38,0.65
523,to explain,説明する,説明する,21/11/2020,3,1,1,N4,6,advanced,6.0,6.0,0.0,38,1.0
524,to come to pick up,むかえにくる,迎えにくる,21/11/2020,2,1,1,,6,advanced,7.0,7.0,0.0,38,1.0
525,by the end of today,きょうじゅうに,今日中に,21/11/2020,2,1,1,,6,advanced,12.0,10.0,2.0,38,0.8333333333333334
526,the other day,このあいだ,この間,21/11/2020,1,1,1,N4,6,advanced,7.0,7.0,0.0,38,1.0
527,guest; visitor,おきゃくさん,お客さん,22/11/2020,2,1,1,,6,advanced,9.0,8.0,1.0,37,0.8888888888888888
528,salary,きゅうりょう,給料,22/11/2020,4,1,1,N3,5,advanced,17.0,11.0,6.0,37,0.6470588235294118
529,overtime work,ざんぎょう,残業,22/11/2020,4,1,1,,5,advanced,11.0,8.0,3.0,37,0.7272727272727273
530,prime minister,しゅしょう,首相,22/11/2020,2,1,1,N3,6,advanced,15.0,10.0,5.0,37,0.6666666666666666
531,the difference,ちがい,違い,22/11/2020,3,1,1,N3,6,advanced,7.0,7.0,0.0,37,1.0
532,the lowest; the worst,さいてい,最低,22/11/2020,3,1,1,N3,5,advanced,27.0,20.0,7.0,37,0.7407407407407407
533,hot water,おゆ,お湯,23/11/2020,2,1,1,,6,advanced,16.0,12.0,4.0,36,0.75
534,lottery,たからくじ,宝くじ,23/11/2020,2,1,1,,6,advanced,15.0,14.0,1.0,36,0.9333333333333333
535,zoo,どうぶつえん,動物園,23/11/2020,5,1,1,N4,5,advanced,13.0,11.0,2.0,36,0.8461538461538461
536,secret,ひみつ,秘密,23/11/2020,5,1,1,N3,5,advanced,19.0,13.0,6.0,36,0.6842105263157895
537,dangerous,あぶない,危ない,23/11/2020,3,1,1,N5,6,advanced,12.0,10.0,2.0,36,0.8333333333333334
538,a few; a little,すくない,少ない,25/11/2020,1,1,1,N5,5,advanced,17.0,15.0,2.0,34,0.8823529411764706
539,to get crowded,こむ,込む,25/11/2020,1,1,1,N4,6,advanced,12.0,12.0,0.0,34,1.0
540,to hit; to win,あたる,当たる,25/11/2020,1,1,1,N3,6,advanced,11.0,11.0,0.0,34,1.0
541,to be sufficient,たりる,足りる,25/11/2020,1,1,1,N4,6,advanced,9.0,9.0,0.0,34,1.0
542,to take off one's clothes,ぬぐ,脱ぐ,25/11/2020,2,1,1,N5,5,advanced,18.0,16.0,2.0,34,0.8888888888888888
543,to pray,おいのりする,お祈りする,03/12/2020,2,1,1,,5,advanced,12.0,9.0,3.0,26,0.75
544,to get a full time job,しゅうしょくする,就職する,03/12/2020,5,1,1,N3,5,advanced,20.0,12.0,8.0,26,0.6
545,to get divorced,りこんする,離婚する,03/12/2020,5,1,1,,5,advanced,15.0,10.0,5.0,26,0.6666666666666666
546,for example,たとえば,例えば,03/12/2020,3,1,1,N4,5,advanced,15.0,12.0,3.0,26,0.8
547,compared with ,にくらべて,に比べて,03/12/2020,3,1,1,N5,5,advanced,11.0,9.0,2.0,26,0.8181818181818182
548,alarm clock,めざましどけい,目覚まし時計,17/12/2020,5,1,1,,3,advanced,13.0,9.0,4.0,12,0.6923076923076923
549,rent,やちん,家賃,17/12/2020,4,1,1,N3,3,advanced,12.0,8.0,4.0,12,0.6666666666666666
550,evening,ゆうがた,夕方,17/12/2020,2,1,1,N5,3,advanced,10.0,8.0,2.0,12,0.8
551,refrigerator,れいぞうこ,冷蔵庫,17/12/2020,5,1,1,N5,3,advanced,11.0,6.0,5.0,12,0.5454545454545454
552,dark,くらい,暗い,17/12/2020,2,1,1,N5,4,advanced,8.0,8.0,0.0,12,1.0
553,(something) opens,あく,開く,17/12/2020,1,1,1,N4,4,advanced,8.0,8.0,0.0,12,1.0
554,to apologize,あやまる,謝る,17/12/2020,4,1,1,N4,3,advanced,13.0,9.0,4.0,12,0.6923076923076923
555,to press; to push,おす,押す,17/12/2020,2,1,1,N5,3,advanced,7.0,5.0,2.0,12,0.7142857142857143
556,to drop (something),おとす,落す,17/12/2020,3,1,1,N4,3,advanced,12.0,9.0,3.0,12,0.75
557,to fall down,ころぶ,転ぶ,17/12/2020,2,1,1,N3,3,advanced,8.0,4.0,4.0,12,0.5
558,entirely,まったく,全く,22/12/2020,1,1,1,N3,3,advanced,5.0,5.0,0.0,7,1.0
559,(something) drops,おちる,落ちる,22/12/2020,3,1,1,N4,2,beginner,7.0,5.0,2.0,7,0.7142857142857143
560,to tidy up,かたづける,片付ける,22/12/2020,4,1,1,N4,0,beginner,4.0,0.0,4.0,7,0.0
561,(something) goes off,きえる,消える,22/12/2020,3,1,1,N5,0,beginner,9.0,3.0,6.0,7,0.3333333333333333
562,(something) breaks,こわれる,壊れる,22/12/2020,5,1,1,N4,2,beginner,8.0,6.0,2.0,7,0.75
